{
  "project_info": {
    "project_number": "739132543780",
    "firebase_url": "https://ambientassistedliving-4ccdf.firebaseio.com",
    "project_id": "ambientassistedliving-4ccdf",
    "storage_bucket": "ambientassistedliving-4ccdf.appspot.com"
  },
  "client": [
    {
      "client_info": {
        "mobilesdk_app_id": "1:739132543780:android:599d313ec9cb49d7d859b1",
        "android_client_info": {
          "package_name": "com.example.ambientassistedlivingapp"
        }
      },
      "oauth_client": [
        {
          "client_id": "739132543780-pjscj1bp9cridpsek78ppkiibpa5spj9.apps.googleusercontent.com",
          "client_type": 3
        }
      ],
      "api_key": [
        {
          "current_key": "AIzaSyC--rt7UfYpqGFGXrhB4FdS8jfND0cDPwo"
        }
      ],
      "services": {
        "appinvite_service": {
          "other_platform_oauth_client": [
            {
              "client_id": "739132543780-pjscj1bp9cridpsek78ppkiibpa5spj9.apps.googleusercontent.com",
              "client_type": 3
            }
          ]
        }
      }
    }
  ],
  "configuration_version": "1"
}